,0
Kitchen,8588
Smoke alarm,8477
Fire extinguisher,7999
Wifi,7992
TV,7334
Dishes and silverware,6172
Hot water,6153
Washer,5914
Refrigerator,5713
Cooking basics,5675
Bed linens,5422
Essentials,5347
Coffee,5041
Dishwasher,5041
Hair dryer,4921
Dedicated workspace,4782
Iron,4605
Hangers,4588
Cleaning products,4389
Wine glasses,4349
Dining table,4321
Coffee maker,4262
Outdoor dining area,4135
Freezer,3836
Drying rack for clothing,3830
Hot water kettle,3569
Oven,3439
Room-darkening shades,3395
Heating,3285
Shampoo,3259
Clothing storage,3215
Safe,3140
Baking sheet,3120
Paid parking on premises,3109
Self check-in,3107
BBQ grill,3013
Outdoor furniture,2940
Body soap,2905
Extra pillows and blankets,2821
First aid kit,2714
Private patio or balcony,2584
Shower gel,2545
Microwave,2426
Indoor fireplace,2422
Toaster,2285
Free parking on premises,2212
Stove,2155
Lockbox,2116
Long term stays allowed,2068
Pets allowed,2020
Blender,1985
Books and reading material,1915
Host greets you,1887
Conditioner,1865
Elevator,1848
closet,1832
Free dryer,1822
Free washer,1821
Private entrance,1796
Shared backyard,1705
Central heating,1694
Clothing storage: closet,1679
Free washer \u2013 In unit,1570
oven,1470
Paid street parking off premises,1465
Free dryer \u2013 In unit,1428
Board games,1355
Radiant heating,1329
Backyard,1290
Single level home,1285
Outdoor playground,1278
Carbon monoxide alarm,1277
Coffee maker: drip coffee maker,1243
Portable fans,1231
HDTV,1221
Luggage dropoff allowed,1127
Barbecue utensils,1089
Dryer,1067
Children\u2019s books and toys,1031
Bathtub,1020
Garden view,992
Bluetooth sound system,959
Induction stove,952
Free street parking,873
Netflix,850
Air conditioning,838
Laundromat nearby,837
Fire pit,834
Crib,812
Ethernet connection,791
Patio or balcony,783
Children\u2019s dinnerware,772
Shared backyard \u2013 Fully fenced,765
EV charger,763
City skyline view,734
standard cable,707
Sound system,706
Exercise equipment,704
Lock on bedroom door,675
Electric stove,639
Private backyard,631
Pack \u2019n play/Travel crib,603
wood-burning,595
wardrobe,588
High chair,587
Indoor fireplace: wood-burning,565
Courtyard view,557
Shared backyard \u2013 Not fully fenced,541
Nespresso,534
Game console,531
french press,526
Cleaning available during stay,522
Lake access,520
Beach access \u2013 Beachfront,515
Smart lock,515
Waterfront,514
Chromecast,506
Sun loungers,506
and dresser,498
Exterior security cameras on property,493
Piano,488
Paid parking off premises,483
Park view,474
TV with standard cable,467
Pocket wifi,460
HBO Max,449
Apple TV,445
Single oven,440
Portable heater,439
Sonos,428
Shared beach access,420
Keypad,410
electric,397
Mini fridge,394
Changing table,377
Shared gym,376
Stainless steel oven,370
TV with Chromecast,365
Standalone high chair,356
Baby bath,356
2-5 years old,355
Disney+,350
Private backyard \u2013 Fully fenced,349
Shared gym nearby,336
espresso machine,328
Window guards,310
TV with Netflix,306
Coffee maker: Nespresso,299
Children\u2019s books and toys for ages 0-2 years old,295
Clothing storage: closet and dresser,293
TV with Apple TV,278
Coffee maker: french press,270
Sea view,255
55 inch HDTV,249
Children's playroom,249
HDTV with Chromecast,247
Rice maker,242
yoga mat,240
5-10 years old,239
Shared patio or balcony,238
Bikes,237
Other induction stove,231
Clothing storage: wardrobe,231
pour-over coffee,230
HDTV with Netflix,227
and wardrobe,221
Coffee maker: espresso machine,216
Pack \u2019n play/Travel crib - available upon request,215
Free dryer \u2013 In building,214
Hammock,211
Clothing storage: closet and wardrobe,207
65 inch HDTV,204
HDTV with Apple TV,204
Stainless steel single oven,198
Crib - always at the listing,198
Standalone high chair - always at the listing,196
gas,194
Free washer \u2013 In building,194
Ocean view,193
free weights,192
Record player,189
Exercise equipment: free weights,186
Sonos Bluetooth sound system,184
Crib - available upon request,184
Sonos sound system,184
Clothing storage: dresser,180
Private backyard \u2013 Not fully fenced,179
Central air conditioning,177
Gym,164
PS4,163
Outlet covers,162
Bread maker,162
Other electric stove,161
Amazon Prime Video,155
Siemens,154
Paid parking garage off premises,154
premium cable,154
Clothing storage: walk-in closet,153
BBQ grill: gas,153
Paid washer,152
Children\u2019s books and toys for ages 2-5 years old,150
BBQ grill: charcoal,150
Bay view,149
Game console: PS4,147
Paid dryer,145
Smoking allowed,138
Free driveway parking on premises,137
Portable air conditioning,133
Children\u2019s bikes,132
Baby safety gates,130
Trash compactor,130
Changing table - always at the listing,125
Free parking garage on premises,125
Children\u2019s books and toys for ages 0-2 years old and 2-5 years old,123
Paid parking garage on premises,123
and 5-10 years old,121
Shared BBQ grill,119
Standalone high chair - available upon request,115
Babysitter recommendations,114
50 inch HDTV,113
Mountain view,110
Valley view,106
Life size games,105
TV with Disney+,102
Private living room,100
Private BBQ grill,99
Paid parking lot off premises,99
Harbor view,97
Baby bath - available upon request,96
Outdoor kitchen,96
TV with Amazon Prime Video,94
Ping pong table,94
Sound system with Bluetooth and aux,93
TV with HBO Max,92
Free parking garage on premises \u2013 1 space,92
Paid parking lot on premises,91
Other stove,89
Baby bath - always at the listing,89
HDTV with Disney+,87
Paid washer \u2013 In unit,86
HDTV with Amazon Prime Video,86
Fireplace guards,86
and 10+ years old,85
Free driveway parking on premises \u2013 1 space,84
Ski-in/Ski-out,82
Resort access,80
Bidet,79
Baby monitor,79
Stainless steel induction stove,79
Changing table - available upon request,78
Coffee maker: pour-over coffee,77
Exercise equipment: yoga mat,75
Movie theater,75
Breakfast,73
Pool,73
Private BBQ grill: gas,73
HDTV with HBO Max,72
Shared BBQ grill: charcoal,71
Outdoor shower,70
River view,70
Arcade games,70
Game console: Nintendo Switch,69
Paid dryer \u2013 In unit,69
Gym nearby,67
Beach essentials,67
Building staff,66
Private gym,65
Children\u2019s books and toys for ages 5-10 years old,65
Canal view,64
HDTV with standard cable,64
Pack \u2019n play/Travel crib - always at the listing,62
Paid dryer \u2013 In building,62
Samsung refrigerator,58
Children\u2019s books and toys for ages 2-5 years old and 5-10 years old,58
55 inch HDTV with Chromecast,58
DVD player,57
Private hot tub,57
Ceiling fan,56
Dryer \u2013\u00a0In unit,56
Hot tub,53
Marina view,52
Beach view,52
Double oven,51
Siemens induction stove,51
Stainless steel electric stove,51
Siemens refrigerator,50
55 inch HDTV with Apple TV,48
Hockey rink,47
Heating - split type ductless system,46
Free residential garage on premises,46
Climbing wall,46
Mini golf,46
Game console: PS5,46
42 inch HDTV,45
Paid washer \u2013 In building,45
65 inch HDTV with Netflix,44
43 inch HDTV,44
High chair - available upon request,43
Washer \u2013\u00a0In unit,43
Paid parking garage on premises \u2013 1 space,43
Clothing storage: wardrobe and dresser,43
Free residential garage on premises \u2013 1 space,42
Lake view,42
Paid crib - available upon request,42
EV charger - level 2,41
Miele refrigerator,40
Window AC unit,39
75 inch HDTV,39
Paid valet parking on premises,38
Skate ramp,38
Booster seat high chair,37
Private outdoor kitchen,37
Noise decibel monitors on property,37
Bosch refrigerator,37
Kayak,37
Stainless steel double oven,36
Shared beach access \u2013 Beachfront,35
Shared sauna,35
Sound system with aux,35
Mosquito net,35
Baby monitor - available upon request,34
40 inch HDTV,34
Private gym nearby,33
TV with premium cable,33
55 inch TV,33
AEG induction stove,33
PS3,33
55 inch HDTV with Netflix,32
65 inch HDTV with Chromecast,32
Kitchenette,31
65 inch HDTV with Apple TV,31
32 inch HDTV,31
HDTV with premium cable,31
Table corner guards,31
Game console: PS3,30
Private gym in building,30
Clothing storage: walk-in closet and closet,29
Bosch induction stove,29
Children\u2019s books and toys for ages 5-10 years old and 10+ years old,29
Rituals,29
Shared gym in building,29
50 inch HDTV with Chromecast,28
Pool table,28
BBQ grill: electric,28
Paid pack \u2019n play/travel crib,27
stationary bike,27
Miele induction stove,27
Private sauna,27
Electrolux induction stove,26
Paid resort access,26
Electrolux refrigerator,26
Resort view,26
Paid pack \u2019n play/travel crib - available upon request,25
55 inch HDTV with Amazon Prime Video,25
65 inch TV,25
Gas stove,25
Palmolive,24
50 inch HDTV with Netflix,24
Ski-in/ski-out \u2013 on a ski run,24
sink,24
65 inch HDTV with Disney+,24
Folding or convertible high chair,24
55 inch HDTV with HBO Max,24
treadmill,24
Rituals body soap,24
heated,23
Nintendo Wii,22
Housekeeping - available at extra cost,22
Define,21
Free parking on premises \u2013 1 space,21
AEG refrigerator,21
Outdoor kitchen with sink,21
Bowling alley,21
Siemens oven,21
Siemens electric stove,21
Shared BBQ grill: gas,20
50 inch TV,20
Boat slip,20
Game console: Nintendo Wii,20
Booster seat high chair - always at the listing,19
60 inch HDTV,19
Miele stainless steel oven,19
open specific hours,19
Bose,19
EV charger - level 1,19
Dove body soap,18
32 inch TV,18
AC - split type ductless system,18
Lano body soap,18
Siemens stainless steel single oven,18
Stainless steel stove,18
Game console: Xbox One,18
Electrolux electric stove,17
Indoor fireplace: gas,17
Palmolive body soap,17
Dryer \u2013 In building,17
Keurig coffee machine,17
Washer \u2013\u00a0In building,17
Theme room,17
workout bench,17
Shared outdoor kitchen,16
46 inch HDTV,16
Backyard - Fully fenced,16
TV with DVD player,15
Outdoor kitchen with oven,15
open 24 hours,15
Shared pool,15
Fast wifi \u2013 104 Mbps,15
and PS4,15
Fast wifi \u2013 100 Mbps,15
Define shampoo,15
Sauna,15
Siemens stainless steel induction stove,14
Pool view,14
Miele oven,14
Free driveway parking on premises \u2013 2 spaces,14
Ikea refrigerator,14
Define conditioner,14
50 inch HDTV with Apple TV,14
Indoor fireplace: electric,14
Exercise equipment: stationary bike,13
55 inch HDTV with Disney+,13
42 inch HDTV with Chromecast,13
Private BBQ grill: electric,13
Rituals shampoo,13
Fast wifi \u2013 97 Mbps,13
Housekeeping available 24 hours,13
40 inch TV,13
rowing,13
Paid parking lot on premises \u2013 1 space,13
Game console: Xbox Series X,13
42 inch TV,12
High chair - always at the listing,12
43 inch HDTV with Netflix,12
every day - available at extra cost,12
Free resort access,12
Annet induction stove,12
Fast wifi \u2013 52 Mbps,12
Siemens stainless steel oven,12
Fast wifi \u2013 99 Mbps,12
Fast wifi \u2013 102 Mbps,12
Siemens stainless steel electric stove,12
65 inch HDTV with standard cable,12
Folding or convertible high chair - available upon request,12
Clamp on table seat high chair,12
Housekeeping - included with your stay,12
Private pool,11
Fast wifi \u2013 51 Mbps,11
Private hot tub - available all year,11
Fast wifi \u2013 103 Mbps,11
Annet electric stove,11
65 inch HDTV with Amazon Prime Video,11
IKEA refrigerator,11
Samsung Bluetooth sound system,11
Bosch oven,11
ethanol,11
Bosch stainless steel oven,11
Fast wifi \u2013 53 Mbps,11
55 inch HDTV with standard cable,11
Paid standalone high chair - available upon request,11
Siemens single oven,11
49 inch HDTV,11
Coffee maker: Keurig coffee machine,11
Clothing storage: walk-in closet and dresser,11
Neutral body soap,11
Bang & Olufsen Bluetooth sound system,10
40 inch HDTV with Chromecast,10
Electrolux stainless steel induction stove,10
Sonos  sound system,10
Indoor fireplace: ethanol,10
Miele single oven,10
Booster seat high chair - available upon request,10
Miele stainless steel single oven,10
Marshall sound system,10
43 inch TV,10
Private BBQ grill: charcoal,10
Fast wifi \u2013 50 Mbps,9
Samsung induction stove,9
BBQ grill: wood-burning,9
Free carport on premises,9
pool cover,9
Sony,9
43 inch HDTV with Chromecast,9
Baby monitor - always at the listing,9
Bose Bluetooth sound system,9
Bosch electric stove,9
Fast wifi \u2013 55 Mbps,9
Marshall sound system with Bluetooth and aux,9
AEG stainless steel induction stove,9
Shared hot tub,9
Golf course view,8
50 inch HDTV with standard cable,8
Exercise equipment: elliptical,8
Fast wifi \u2013 94 Mbps,8
Sonos sound system with Bluetooth and aux,8
40 inch HDTV with Netflix,8
Roku,8
JBL Bluetooth sound system,8
lap pool,8
75 inch HDTV with Chromecast,8
Loreal,8
Whirlpool refrigerator,8
75 inch HDTV with Netflix,8
Miele stainless steel induction stove,8
PS2,8
SONOS Bluetooth sound system,8
Electrolux oven,8
Fast wifi \u2013 98 Mbps,8
Fast wifi \u2013 68 Mbps,7
Fast wifi \u2013 85 Mbps,7
Smeg induction stove,7
Fast wifi \u2013 54 Mbps,7
55 inch TV with Apple TV,7
Sunsilk shampoo,7
Wifi \u2013 10 Mbps,7
Shared indoor pool - available all year,7
Folding or convertible high chair - always at the listing,7
Fast wifi \u2013 96 Mbps,7
50 inch HDTV with HBO Max,7
Fast wifi \u2013 87 Mbps,7
Wifi \u2013 46 Mbps,7
Bosch stainless steel electric stove,7
Smeg refrigerator,7
Fast wifi \u2013 60 Mbps,7
Other stainless steel electric stove,7
Sprekenhus body soap,7
42 inch HDTV with Apple TV,7
52 inch HDTV,7
32 inch HDTV with Netflix,7
70 inch HDTV,7
Simens refrigerator,7
Ski-in/ski-out \u2013 near ski lifts,7
Fast wifi \u2013 106 Mbps,7
Rituals conditioner,7
75 inch HDTV with Disney+,6
Sunsilk conditioner,6
Bosch stainless steel single oven,6
Game console: Nintendo Wii U,6
42 inch HDTV with standard cable,6
Other stainless steel induction stove,6
32 inch TV with Chromecast,6
Fast wifi \u2013 101 Mbps,6
Fast wifi \u2013 69 Mbps,6
Paid parking garage on premises \u2013 100 spaces,6
Gorenje refrigerator,6
40 inch HDTV with Apple TV,6
Fast wifi \u2013 95 Mbps,6
LG refrigerator,6
Indoor fireplace: pellet stove,6
AEG oven,6
AEG single oven,6
Batting cage,6
Fast wifi \u2013 146 Mbps,6
Fast wifi \u2013 78 Mbps,6
Wifi \u2013 49 Mbps,6
Exercise equipment: treadmill,6
Sonos  Bluetooth sound system,6
Miele electric stove,6
. body soap,6
32 inch HDTV with Chromecast,6
50 inch HDTV with Disney+,6
AEG electric stove,6
65 inch HDTV with premium cable,6
55 inch TV with Netflix,6
HDTV with DVD player,6
40 inch TV with Chromecast,6
Gaggenau induction stove,6
Private outdoor pool - available seasonally,6
Loreal shampoo,6
Game console: Xbox 360,6
AEG stainless steel single oven,6
saltwater,6
42 inch HDTV with Netflix,6
Head & Shoulders shampoo,6
Fast wifi \u2013 93 Mbps,6
Redken shampoo,6
Fast wifi \u2013 73 Mbps,6
Fast wifi \u2013 56 Mbps,6
Electrolux stainless steel oven,5
Samsung oven,5
Free parking garage on premises \u2013 2 spaces,5
Fast wifi \u2013 90 Mbps,5
42 inch TV with Chromecast,5
Gorenje single oven,5
Shared BBQ grill: wood-burning,5
55 inch HDTV with premium cable,5
Game console: Nintendo Switch and PS4,5
50 inch TV with Chromecast,5
Harman Kardon Bluetooth sound system,5
Clamp on table seat high chair - available upon request,5
Electrolux  refrigerator,5
Shared pool - available all year,5
Free carport on premises \u2013 1 space,5
Clothing storage: walk-in closet and wardrobe,5
Hulu,5
46 inch HDTV with Apple TV,5
Siemens  refrigerator,5
Backyard - Not fully fenced,5
60 inch HDTV with Netflix,5
and Xbox One,5
Elektrolux refrigerator,5
50 inch TV with Apple TV,5
Clamp on table seat high chair - always at the listing,5
Bosch single oven,5
Gaggenau stainless steel oven,5
Fire TV,5
Sprekenhus conditioner,5
Head and shoulders shampoo,5
Loreal conditioner,5
Nivea body soap,5
43 inch HDTV with Apple TV,5
Sprekenhus shampoo,5
SONOS sound system,5
every day - included with your stay,5
Bosh refrigerator,5
Fast wifi \u2013 105 Mbps,5
75 inch HDTV with Amazon Prime Video,5
Diverse body soap,5
32 inch HDTV with Apple TV,5
Marshall Bluetooth sound system,5
AEG stainless steel oven,5
pool toys,5
Smeg stainless steel oven,5
Gaggenau refrigerator,5
Bora induction stove,5
Shared outdoor pool - available seasonally,4
Standard body soap,4
Free driveway parking on premises \u2013 3 spaces,4
65 inch TV with Chromecast,4
Fast wifi \u2013 202 Mbps,4
46 inch HDTV with Chromecast,4
Diverse shampoo,4
2 days a week - available at extra cost,4
Housekeeping available 2 days a week,4
Fast wifi \u2013 58 Mbps,4
Game console: PS2,4
Children\u2019s books and toys for ages 10+ years old,4
Electrolux stainless steel electric stove,4
Palmolive  body soap,4
and Xbox 360,4
Ukjent,4
Head and shoulders body soap,4
Fast wifi \u2013 343 Mbps,4
Fast wifi \u2013 86 Mbps,4
Neutral shampoo,4
Fast wifi \u2013 204 Mbps,4
50 inch HDTV with premium cable,4
49 inch HDTV with Apple TV,4
Wifi \u2013 47 Mbps,4
50 inch HDTV with Amazon Prime Video,4
L\u2019Or\u00e9al  conditioner,4
water slide,4
Head and Shoulders shampoo,4
Game console: Nintendo Switch and Xbox One,4
Game console: Nintendo Wii and PS4,4
65 inch TV with HBO Max,4
Annet stainless steel electric stove,4
37 inch HDTV,4
Smeg electric stove,4
Gaggenau oven,4
Aesop body soap,4
Harman/Kardon Bluetooth sound system,4
B&O Bluetooth sound system,4
Wifi \u2013 26 Mbps,4
. refrigerator,4
48 inch HDTV with Amazon Prime Video,4
Redken conditioner,4
Sony Bluetooth sound system,4
65 inch HDTV with HBO Max,4
Fast wifi \u2013 65 Mbps,4
Fast wifi \u2013 379 Mbps,4
IKEA induction stove,4
48 inch HDTV with Netflix,4
Siemens stove,4
32 inch HDTV with Amazon Prime Video,4
Shared outdoor pool - available all year,4
75 inch TV,4
65 inch TV with Netflix,4
Dove shampoo,4
100 inch HDTV,4
Dove conditioner,4
Fast wifi \u2013 92 Mbps,4
Whirlpool electric stove,4
Fast wifi \u2013 493 Mbps,4
Fast wifi \u2013 108 Mbps,3
Wednesday,3
65 inch HDTV with DVD player,3
60 inch HDTV with Chromecast,3
Game console: Nintendo Switch and PS5,3
Fast wifi \u2013 83 Mbps,3
Yamaha Bluetooth sound system,3
32 inch TV with Apple TV,3
Varies shampoo,3
LG Bluetooth sound system,3
Fast wifi \u2013 70 Mbps,3
Samsung electric stove,3
52 inch HDTV with Chromecast,3
Denon Bluetooth sound system,3
Samsung sound system,3
Gorenje electric stove,3
Bose sound system with aux,3
Fast wifi \u2013 149 Mbps,3
Samsung lydplanke Bluetooth sound system,3
Simens single oven,3
Gram electric stove,3
Electrolux stainless steel single oven,3
Smeg stainless steel single oven,3
Ironing board,3
Fast wifi \u2013 107 Mbps,3
Liebherr refrigerator,3
Fast wifi \u2013 268 Mbps,3
Housekeeping available Sunday,3
Free parking on premises \u2013 2 spaces,3
SMEG refrigerator,3
Wifi \u2013 36 Mbps,3
Fast wifi \u2013 131 Mbps,3
75 inch HDTV with Apple TV,3
58 inch HDTV,3
Garnier conditioner,3
Electrolux single oven,3
Smeg gas stove,3
Gorenje oven,3
IKEA stainless steel induction stove,3
Google home Bluetooth sound system,3
Fast wifi \u2013 326 Mbps,3
Wifi \u2013 27 Mbps,3
Fast wifi \u2013 438 Mbps,3
Elvital shampoo,3
Google Home Bluetooth sound system,3
Property manager,3
AEG stainless steel electric stove,3
Wifi \u2013 25 Mbps,3
Fast wifi \u2013 481 Mbps,3
Electrolux stove,3
Other gas stove,3
A shampoo,3
Breakfast bar,3
48 inch HDTV with Chromecast,3
HomePod,3
Wifi \u2013 30 Mbps,3
40 inch TV with Netflix,3
Samsung stainless steel induction stove,3
47 inch HDTV with Chromecast,3
Samsung  Bluetooth sound system,3
Samsung stainless steel oven,3
Simens stainless steel single oven,3
olympic-sized,3
Siemens  stainless steel single oven,3
60 inch HDTV with HBO Max,3
Paid folding or convertible high chair - available upon request,3
49 inch TV,3
Normal body soap,3
Fast wifi \u2013 79 Mbps,3
Security system,3
60 inch HDTV with Apple TV,3
Fast wifi \u2013 59 Mbps,3
LG  refrigerator,3
Miele stainless steel electric stove,3
Paid valet parking on premises \u2013 1 space,3
Paid parking garage on premises \u2013 20 spaces,3
Ikea stainless steel single oven,3
Electrolux  oven,3
L\u2019Or\u00e9al  shampoo,3
32 inch HDTV with HBO Max,3
Head & Shoulders body soap,3
JBL  Bluetooth sound system,3
Fast wifi \u2013 75 Mbps,3
Annet stainless steel induction stove,3
Game console: Nintendo Switch and Xbox Series X,3
Wifi \u2013 29 Mbps,3
Smeg oven,3
Fast wifi \u2013 201 Mbps,3
Balsam conditioner,3
Eco Essentials shampoo,3
Neutral conditioner,3
Fast wifi \u2013 77 Mbps,3
Bosch stainless steel induction stove,3
43 inch HDTV with HBO Max,3
Wifi \u2013 19 Mbps,3
Wifi \u2013 44 Mbps,3
Game console: PS4 and PS5,3
Fast wifi \u2013 63 Mbps,3
Body Shop shampoo,3
42 inch HDTV with Disney+,3
NAD Bluetooth sound system,3
Fast wifi \u2013 369 Mbps,3
Meraki body soap,3
Whirpool refrigerator,3
Fast wifi \u2013 122 Mbps,3
Fast wifi \u2013 89 Mbps,3
Fast wifi \u2013 506 Mbps,3
Gorenje induction stove,3
Fast wifi \u2013 284 Mbps,3
Bang & Olufsen sound system,2
Paid parking lot on premises \u2013 2 spaces,2
Fast wifi \u2013 521 Mbps,2
Fast wifi \u2013 526 Mbps,2
Elvital conditioner,2
Fast wifi \u2013 91 Mbps,2
75 inch HDTV with HBO Max,2
Vanlig balsam conditioner,2
Fast wifi \u2013 115 Mbps,2
Random body soap,2
85 inch TV with Netflix,2
IKEA  refrigerator,2
Fast wifi \u2013 389 Mbps,2
Shared hot tub - available all year,2
Random conditioner,2
Smeg stove,2
Fast wifi \u2013 358 Mbps,2
Samsung side by side,2
Varies conditioner,2
Ikea stainless steel oven,2
Fast wifi \u2013 205 Mbps,2
Harman-Kardon Bluetooth sound system,2
Paid parking lot on premises \u2013 20 spaces,2
Geneva sound system with Bluetooth and aux,2
Heated floors,2
Free parking on premises \u2013 10 spaces,2
Game console: Xbox One and Xbox Series X,2
N/A conditioner,2
Fast wifi \u2013 121 Mbps,2
Sjampo shampoo,2
90 inch HDTV with Apple TV,2
2 stk refrigerator,2
Fast wifi \u2013 554 Mbps,2
Housekeeping available 2 days a week - available at extra cost,2
Dr Greve body soap,2
Ski-in/ski-out \u2013 on a free shuttle line,2
43 inch TV with Netflix,2
Samsung stainless steel single oven,2
65 inch TV with standard cable,2
Paid high chair - available upon request,2
Free carport on premises \u2013 2 spaces,2
82 inch HDTV,2
Fast wifi \u2013 160 Mbps,2
Grundig refrigerator,2
Dr. Greve,2
Fast wifi \u2013 439 Mbps,2
Fast wifi \u2013 192 Mbps,2
Fast wifi \u2013 396 Mbps,2
Kj\u00f8leskuff,2
Stainless steel gas stove,2
Asko refrigerator,2
Wifi \u2013 41 Mbps,2
Fast wifi \u2013 153 Mbps,2
65 inch TV with Disney+,2
Head & Shoulders conditioner,2
Aeg refrigerator,2
Wifi \u2013 20 Mbps,2
Different body soap,2
Various body soap,2
32 inch TV with Netflix,2
Fast wifi \u2013 355 Mbps,2
Fast wifi \u2013 356 Mbps,2
Gaggenau electric stove,2
Lano shampoo,2
Fast wifi \u2013 510 Mbps,2
Loreal body soap,2
JBL sound system,2
Harman Kardon sound system,2
Fast wifi \u2013 253 Mbps,2
IKEA oven,2
Fast wifi \u2013 81 Mbps,2
Fast wifi \u2013 433 Mbps,2
Fast wifi \u2013 668 Mbps,2
Fast wifi \u2013 586 Mbps,2
24 inch HDTV with Chromecast,2
Wifi \u2013 11 Mbps,2
Gram single oven,2
Fast wifi \u2013 373 Mbps,2
Generic shampoo,2
Fast wifi \u2013 80 Mbps,2
Fast wifi \u2013 348 Mbps,2
Fast wifi \u2013 109 Mbps,2
45 inch TV with Apple TV,2
85 inch HDTV with Apple TV,2
Body Shop conditioner,2
Fast wifi \u2013 522 Mbps,2
Game console: PS3 and PS4,2
Zanussi refrigerator,2
Audiopro Bluetooth sound system,2
Fast wifi \u2013 360 Mbps,2
Fast wifi \u2013 125 Mbps,2
Wifi \u2013 34 Mbps,2
Fast wifi \u2013 338 Mbps,2
Fast wifi \u2013 62 Mbps,2
Wifi \u2013 33 Mbps,2
Aveda shampoo,2
Fast wifi \u2013 259 Mbps,2
Ikea oven,2
B&W Bluetooth sound system,2
Fast wifi \u2013 333 Mbps,2
Bang Olufsen Bluetooth sound system,2
Wifi \u2013 45 Mbps,2
Dobbel Dusch body soap,2
Monday conditioner,2
Fast wifi \u2013 359 Mbps,2
52 inch TV,2
Fast wifi \u2013 641 Mbps,2
Apple HomePod sound system,2
Nivea shampoo,2
Bora electric stove,2
Naim Bluetooth sound system,2
70 inch HDTV with Netflix,2
Paid valet parking on premises \u2013 10 spaces,2
Paid parking garage on premises \u2013 15 spaces,2
Fast wifi \u2013 323 Mbps,2
Fast wifi \u2013 505 Mbps,2
Dusjs\u00e5pe body soap,2
Family shampoo,2
Wifi \u2013 38 Mbps,2
Loccitane body soap,2
Vanlig dusjs\u00e5pe body soap,2
IKEA stainless steel oven,2
Garnier shampoo,2
Fast wifi \u2013 371 Mbps,2
Fast wifi \u2013 295 Mbps,2
Eco Essentials conditioner,2
Bosch double oven,2
Ritual body soap,2
Fast wifi \u2013 265 Mbps,2
Fast wifi \u2013 197 Mbps,2
40 inch HDTV with Amazon Prime Video,2
Fast wifi \u2013 305 Mbps,2
JBL Extreme h\u00f8ytaler Bluetooth sound system,2
Wifi \u2013 23 Mbps,2
Klipsch Bluetooth sound system,2
N/A shampoo,2
tesla only,2
Fast wifi \u2013 483 Mbps,2
Wifi \u2013 21 Mbps,2
Fast wifi \u2013 536 Mbps,2
55 inch TV with Chromecast,2
30 inch TV,2
Kj\u00f8leskap refrigerator,2
Private pool - available seasonally,2
Fast wifi \u2013 274 Mbps,2
Fast wifi \u2013 292 Mbps,2
Fast wifi \u2013 488 Mbps,2
Fast wifi \u2013 123 Mbps,2
Varies body soap,2
Libherr refrigerator,2
Yamaha sound system with Bluetooth and aux,2
Bosch  refrigerator,2
Div body soap,2
Housekeeping available from 10:00 AM to 2:00 PM,2
Fast wifi \u2013 271 Mbps,2
Siemens double oven,2
IKEA single oven,2
Fast wifi \u2013 286 Mbps,2
Wifi \u2013 43 Mbps,2
Fast wifi \u2013 665 Mbps,2
L\u2019oreal shampoo,2
Bang&Olufsen sound system,2
37 inch TV,2
46 inch HDTV with Netflix,2
Fast wifi \u2013 375 Mbps,2
Head and Shoulders body soap,2
Ikea single oven,2
Fast wifi \u2013 203 Mbps,2
Schott Ceran induction stove,2
Fast wifi \u2013 250 Mbps,2
Wifi \u2013 28 Mbps,2
Fast wifi \u2013 372 Mbps,2
Fast wifi \u2013 298 Mbps,2
Smeg stainless steel gas stove,2
Fast wifi \u2013 251 Mbps,2
Fast wifi \u2013 237 Mbps,2
Fast wifi \u2013 66 Mbps,2
Fast wifi \u2013 519 Mbps,2
Sonos 1 Bluetooth sound system,2
Diverse conditioner,2
Fast wifi \u2013 142 Mbps,2
Paid parking garage on premises \u2013 50 spaces,2
Samsung  refrigerator,2
Whirlpool stainless steel electric stove,2
sjampo og balsam tilgjengelig  body soap,2
Fast wifi \u2013 461 Mbps,2
Whirlpool induction stove,2
Rituals  conditioner,2
46 inch TV with Chromecast,2
Game console: Nintendo Wii and PS5,2
Many different shampoos shampoo,2
Fast wifi \u2013 539 Mbps,2
3 days a week - available at extra cost,2
Wifi \u2013 31 Mbps,2
60 inch HDTV with Disney+,2
43 inch HDTV with Amazon Prime Video,2
Ikea stainless steel induction stove,2
42 inch HDTV with HBO Max,2
Fast wifi \u2013 198 Mbps,2
Fast wifi \u2013 349 Mbps,2
Geneva  Bluetooth sound system,2
Bluesound Bluetooth sound system,2
Wifi \u2013 24 Mbps,2
Fast wifi \u2013 450 Mbps,2
Saturday - available at extra cost,2
Fast wifi \u2013 501 Mbps,2
43 inch TV with HBO Max,2
Wood-burning stove,2
Wifi \u2013 48 Mbps,2
Fast wifi \u2013 551 Mbps,2
50 inch TV with standard cable,2
Housekeeping available 1 day a week - available at extra cost,2
Fast wifi \u2013 82 Mbps,2
45 inch HDTV with Apple TV,2
Fast wifi \u2013 172 Mbps,2
42 inch TV with Netflix,2
Fast wifi \u2013 285 Mbps,2
Natural body soap,2
Coconut shampoo,2
Fast wifi \u2013 64 Mbps,2
Gaggenau stainless steel induction stove,2
Fast wifi \u2013 418 Mbps,2
Generic body soap,2
40 inch HDTV with standard cable,2
Fast wifi \u2013 345 Mbps,2
Fast wifi \u2013 362 Mbps,2
Korres shampoo,2
Neff oven,2
Fast wifi \u2013 127 Mbps,2
Fast wifi \u2013 291 Mbps,2
? refrigerator,2
Bosch  double oven,1
Fast wifi \u2013 217 Mbps,1
Tandberg sound system with aux,1
Airplay Bluetooth sound system,1
Kan fint l\u00e5ne alt p\u00e5 badet body soap,1
56 inch HDTV with standard cable,1
Radionete sound system,1
49 inch HDTV with Amazon Prime Video,1
Fast wifi \u2013 812 Mbps,1
Private beach access \u2013 Beachfront,1
BEKO refrigerator,1
LG 5.1 surround system sound system,1
Rituals  body soap,1
Fast wifi \u2013 150 Mbps,1
Fast wifi \u2013 281 Mbps,1
moderne refrigerator,1
37 inch HDTV with Chromecast,1
Geneva Large Bluetooth sound system,1
Rock jam Go! Bluetooth sound system,1
BRAND L: A USED The Swedish L: a Bruket specializes in exclusive and organic spa products. All products contain natural and organic ingredients,1
Fast wifi \u2013 410 Mbps,1
KMS conditioner,1
Fast wifi \u2013 238 Mbps,1
Whirlpool stove,1
Define Morrocoan oil  shampoo,1
Jbl  Bluetooth sound system,1
Housekeeping available from 5:00 PM to 9:00 PM - available at extra cost,1
Her har du shampoo,1
Fast wifi \u2013 706 Mbps,1
Frama shampoo,1
Normal conditioner,1
Fast wifi \u2013 138 Mbps,1
Samsung speaker sound system with Bluetooth and aux,1
1 p\u00e5 kj\u00f8kken,1
Showergel body soap,1
Thursday - available at extra cost,1
Sjampo  shampoo,1
Bodyshop shampoo,1
Annet wood-burning stove,1
Whirlpool  refrigerator,1
Wonder spa body soap,1
Inecto Naturals Coconut shampoo,1
Div conditioner,1
Beoplay (Bang & Olufsen) Bluetooth sound system,1
ASKO induction stove,1
Le Labo shampoo,1
Sonos - Synchronized in bathroom and dining room sound system,1
Grundig Bluetooth sound system,1
WhirlPool refrigerator,1
Siemens Studioline stainless steel induction stove,1
Miele stainless steel gas stove,1
Forever Living Products body soap,1
Body Shop shampoo shampoo,1
Harman Kardon/Samsung sound system with aux,1
Fast wifi \u2013 733 Mbps,1
17 inch TV with Netflix,1
Norcool (very large) refrigerator,1
Fast wifi \u2013 437 Mbps,1
LG sound system with Bluetooth and aux,1
Google nest sound system,1
Range Master Professional Deluxe electric stove,1
Fast wifi \u2013 141 Mbps,1
Fast wifi \u2013 151 Mbps,1
Zanussi oven,1
Brukes kun etter avtale sound system,1
Falcon double oven,1
Fast wifi \u2013 422 Mbps,1
\u00c4nglamark body soap,1
Children\u2019s books and toys for ages 0-2 years old and 5-10 years old,1
Usikker conditioner,1
Fast wifi \u2013 57 Mbps,1
Fast wifi \u2013 541 Mbps,1
Cucina Steel stainless steel gas stove,1
Fast wifi \u2013 137 Mbps,1
Vi t\u00f8mmer noen hyller i kj\u00f8leskapet til gjestee refrigerator,1
Elektrolux  refrigerator,1
43 inch TV with DVD player,1
AESOP conditioner,1
JVC sound system,1
Fast wifi \u2013 619 Mbps,1
Oribe Haircare conditioner,1
Lano dusjs\u00e5pe body soap,1
51 inch TV with HBO Max,1
55 inch TV with Disney+,1
Define Moroccan Argan Oil Shampoo shampoo,1
Hermann/Kardon Bluetooth sound system,1
Harman/Kardon Onyx Studio 4 Bluetooth sound system,1
Sonos/ Bowers and Wilkins sound system,1
Samsung lydplanke p\u00e5 stua,1
Kiehls or equivalent  body soap,1
JBL Flip 5 Bluetooth sound system,1
Housekeeping available from 12:00 PM to 3:00 PM - available at extra cost,1
Whirlpool  single oven,1
Bauknecht  induction stove,1
Fast wifi \u2013 72 Mbps,1
31 inch TV with Netflix,1
Argon Audio,1
De Dietrich single oven,1
Fast wifi \u2013 517 Mbps,1
Paid parking lot on premises \u2013 40 spaces,1
Fast wifi \u2013 441 Mbps,1
Induction induction stove,1
L\u2019Or\u00e9al Professional conditioner,1
Sonos IKEA p\u00e5 stue og bad Bluetooth sound system,1
45 inch HDTV with Netflix,1
Schwarzkopf,1
AEG  induction stove,1
Fisher Paykel stainless steel double oven,1
Polk Bluetooth sound system,1
Fast wifi \u2013 531 Mbps,1
Cosmica body soap,1
Define  conditioner,1
Fast wifi \u2013 357 Mbps,1
Korres  body soap,1
Ulikt shampoo,1
Dali sound system,1
Zanussi single oven,1
Samsung soundbar Bluetooth sound system,1
27 inch HDTV with standard cable,1
Harman kardon Bluetooth sound system,1
Elecrolux refrigerator,1
Fast wifi \u2013 543 Mbps,1
Phillips refrigerator,1
AudioLab,1
Paid parking on premises \u2013 20 spaces,1
Neff induction stove,1
Denon 7.1 surround sound system,1
Geneva M Bluetooth sound system,1
100 inch HDTV with Chromecast,1
KEF LSX Bluetooth sound system,1
50 inch TV with Disney+,1
Fast wifi \u2013 907 Mbps,1
Sonos One Bluetooth sound system,1
Soundtouch sound system with Bluetooth and aux,1
Gaggenau gas stove,1
Div shampoo,1
Gaggenau stove,1
Hair shampoo shampoo,1
Whirlpool stainless steel oven,1
Neutrogena body soap,1
Meriaki body soap,1
Elica stainless steel induction stove,1
Aussie Aussome volume conditioner,1
Fast wifi \u2013 190 Mbps,1
Anglamark shampoo,1
Sonos x IKEA sound system,1
Kombiskap kj\u00f8l/frys refrigerator,1
Fast wifi \u2013 154 Mbps,1
Kj\u00f8leskap av nyere dato refrigerator,1
Free carport on premises \u2013 4 spaces,1
Fast wifi \u2013 594 Mbps,1
Assortert  conditioner,1
Fast wifi \u2013 242 Mbps,1
Elvital Shampoo shampoo,1
Radio Bluetooth sound system,1
\u00c4nglamark (organic) shampoo,1
Fast wifi \u2013 633 Mbps,1
LG oven,1
rooftop,1
Oribe Haircare shampoo,1
AESOP shampoo,1
Generell Bluetooth sound system,1
Ulike typer shampoo,1
Blomberg refrigerator,1
which bring the best results for your skin. L: a The use guarantees that your beauty routine will be a real pleasure. body soap,1
Fast wifi \u2013 431 Mbps,1
Google Home. 2 i stuen,1
\u00c4nglamark (organic) conditioner,1
Fast wifi \u2013 310 Mbps,1
Fast wifi \u2013 282 Mbps,1
Fast wifi \u2013 382 Mbps,1
Fast wifi \u2013 67 Mbps,1
Ulike typer body soap,1
Siemens/Bosch refrigerator,1
B&O and sonos Bluetooth sound system,1
55 inch TV with Amazon Prime Video,1
Paid parking lot on premises \u2013 6 spaces,1
60 inch HDTV with standard cable,1
Bosch  single oven,1
GRAM stainless steel oven,1
Ukjent integrert stainless steel induction stove,1
Fast wifi \u2013 159 Mbps,1
CANDY single oven,1
Sony portable speaker Bluetooth sound system,1
Hisense induction stove,1
Dove/nivea body soap,1
L\u2019Or\u00e9al shampoo,1
Fast wifi \u2013 559 Mbps,1
Boch stainless steel oven,1
Gorenje stainless steel induction stove,1
Hallman electric stove,1
Shampoo in the shower body soap,1
Dr. Greve body soap,1
Assortert. conditioner,1
Samsung  stainless steel oven,1
Harman Kardon sound system with Bluetooth and aux,1
evt. lignende  conditioner,1
Tivoli audio sound system with Bluetooth and aux,1
Simens stainless steel oven,1
Bosch  stainless steel double oven,1
Harmon/kardon Bluetooth sound system,1
VIFA Bluetooth sound system,1
Amica stainless steel oven,1
Geneva Dab radio sound system,1
MONDAY conditioner,1
Lush body soap,1
Bose 500 sound plank Bluetooth sound system,1
Fast wifi \u2013 199 Mbps,1
Fast wifi \u2013 534 Mbps,1
Siemen stainless steel double oven,1
Sonos h\u00f8ytaler Bluetooth sound system,1
Ingen spesiell  body soap,1
Electrolux stainless steel double oven,1
Fast wifi \u2013 289 Mbps,1
Free Gemology Cosmetics travel sizes body soap,1
Geneva bluetooth og cd Bluetooth sound system,1
LG stainless steel induction stove,1
BOSCH stainless steel oven,1
Whirlpool stainless steel double oven,1
Dali Katch Bluetooth speaker sound system with Bluetooth and aux,1
Frist price body soap,1
Google Home + Sonos in room Bluetooth sound system,1
Radox body soap,1
icemaker refrigerator,1
Smeg  refrigerator,1
Bose speaker Bluetooth sound system,1
Fast wifi \u2013 364 Mbps,1
Whirlpool oven,1
Gaggenau stainless steel double oven,1
Body Shop Shower gel  body soap,1
Prima conditioner,1
Hamon Cadon sound system,1
Ukjent sound system,1
Fast wifi \u2013 336 Mbps,1
Samsung 2 stk kj\u00f8leskap refrigerator,1
Aesop & Neutral Sensitive Pharmaceutical brands. body soap,1
43 inch TV with Disney+,1
Basis  conditioner,1
Jbl sound system with Bluetooth and aux,1
Bosch  stainless steel oven,1
Fast wifi \u2013 134 Mbps,1
47 inch HDTV with standard cable,1
Dave,1
BOSE Bluetooth sound system,1
Four induction plates. stainless steel induction stove,1
Klipsch the one II sound system with Bluetooth and aux,1
Fast wifi \u2013 249 Mbps,1
Harman Kardon player unit sound system with aux,1
90 inch HDTV with Chromecast,1
Sonos. Koble til leilighetens wifi,1
Simens  stainless steel oven,1
Sonos One Gen 2 Bluetooth sound system,1
Shower oil for sensitive skin body soap,1
Paid crib - always at the listing,1
42 inch HDTV with premium cable,1
Sonos connected to the wifi sound system,1
Dusjs\u00e5pe med og uten parfyme body soap,1
Flere typer :) conditioner,1
Aveda body soap,1
Fast wifi \u2013 294 Mbps,1
Siemens Studioline stainless steel oven,1
move,1
Paid parking garage on premises \u2013 32 spaces,1
Fast wifi \u2013 726 Mbps,1
Induction oven,1
Fast wifi \u2013 537 Mbps,1
Continu shampoo,1
Aussie - miracle moist conditioner,1
Per n\u00e5 virker kun varmlufts funksjonen. :) oven,1
Fast wifi \u2013 71 Mbps,1
Elektrolux stainless steel single oven,1
Denon sound system,1
Bang &Olufsen sound system,1
Assortet body soap,1
49 inch TV with Netflix,1
Franke induction stove,1
Bio Organic shampoo,1
Fast wifi \u2013 656 Mbps,1
Witt induction stove,1
L.G refrigerator,1
Kj\u00f8l og frys  refrigerator,1
Housekeeping available Monday,1
Sonos 5 Bluetooth sound system,1
Flere typer :) body soap,1
Fast wifi \u2013 397 Mbps,1
Private hot tub - available seasonally,1
80 inch TV with Netflix,1
Free driveway parking on premises \u2013 5 spaces,1
Fast wifi \u2013 533 Mbps,1
Elco induction stove,1
Samsung Soundbar Bluetooth sound system,1
Lactacyd + SebaMed body soap,1
Fast wifi \u2013 614 Mbps,1
70 inch HDTV with Chromecast,1
Induksjon 4 plater og stekeovn oven,1
Eco Essentials  conditioner,1
Housekeeping available from 12:00 PM to 6:00 PM,1
Vanlig sjampo shampoo,1
Fast wifi \u2013 406 Mbps,1
Sunday to Saturday - available at extra cost,1
Fast wifi \u2013 507 Mbps,1
LG induction stove,1
Kvikk refrigerator,1
Fast wifi \u2013 671 Mbps,1
H\u00f8yttaler med tr\u00e5dl\u00f8s tilkobling + DAB radio Bluetooth sound system,1
Fast wifi \u2013 470 Mbps,1
Fast wifi \u2013 520 Mbps,1
Please be aware that this is our home and that we do use some of the space in the fridge for our personal items refrigerator,1
Generic conditioner,1
BOSCH refrigerator,1
Fast wifi \u2013 561 Mbps,1
Fast wifi \u2013 386 Mbps,1
L\u2019oreal conditioner,1
Fast wifi \u2013 245 Mbps,1
Husquerns double oven,1
I tillegg til ovn er det ogs\u00e5 en airfryer oven,1
Fast wifi \u2013 84 Mbps,1
Different conditioner,1
Lano og Palmolive body soap,1
Airfryer single oven,1
85 inch TV with Disney+,1
Eucerin dusjolje body soap,1
Perfume free soap and shampoo ( for body and hair) body soap,1
Samsung double oven,1
bad) og Geneva L sound system,1
Glisskur shampoo,1
Fast wifi \u2013 208 Mbps,1
Ikea Eneby  Bluetooth sound system,1
Google Nest Audio Bluetooth sound system,1
Pinell supersound internet radio sound system with Bluetooth and aux,1
which bring the best results for your skin. L: a The use guarantees that your beauty routine will be a real pleasure. conditioner,1
Generell body soap,1
Fast wifi \u2013 246 Mbps,1
Wifi \u2013 9 Mbps,1
Kirksaeter sound system with Bluetooth and aux,1
Standard conditioner,1
Upo refrigerator,1
Brand new hob with 2 plates. stove,1
B&W Zeppelin  sound system with Bluetooth and aux,1
Samsung kj\u00f8leskap med fri tilgang til kald vann,1
A small Marshall speaker  Bluetooth sound system,1
Aussie conditioner,1
Tandberg Bluetooth sound system,1
Behandling bear shampoo,1
Children\u2019s books and toys for ages 0-2 years old and 10+ years old,1
Fast wifi \u2013 491 Mbps,1
50 inch TV with Amazon Prime Video,1
IKEA. Husk \u00e5 bruke bakepapir stainless steel oven,1
Sonos one Bluetooth sound system,1
Dali Katch sound system with Bluetooth and aux,1
Farris body soap,1
JBL Charge 5 Bluetooth sound system,1
KMS  Bumble and Bumble shampoo,1
Bang Olufsen and Samsung   Bluetooth sound system,1
Vanlig kroppss\u00e5pe,1
Kerastase shampoo,1
Fast wifi \u2013 130 Mbps,1
Game console: Nintendo Wii U and PS4,1
Husqvarna stainless steel induction stove,1
Aux/ and lightning connection sound system with aux,1
Lactasyd body soap,1
3 in 1 s\u00e5pe body soap,1
AEG stove,1
Fast wifi \u2013 363 Mbps,1
Benkeskj\u00f8leskap refrigerator,1
TGI Bed Head shampoo,1
Anglamark body soap,1
Argon  Bluetooth sound system,1
Sonos og Bose sound system with Bluetooth and aux,1
Fast wifi \u2013 143 Mbps,1
SMEG stainless steel single oven,1
Fast wifi \u2013 307 Mbps,1
Fast wifi \u2013 128 Mbps,1
Wifi \u2013 3 Mbps,1
Regular sized oven AEG stainless steel single oven,1
Bodyshop body soap,1
Bora integrert platetopp med grillplate  oven,1
Aeg stainless steel oven,1
Gym in building,1
Fast wifi \u2013 301 Mbps,1
Naim sound system with Bluetooth and aux,1
Bodywash / Palmolive body soap,1
Bio conditioner,1
Paid parking lot on premises \u2013 100 spaces,1
Argon Bluetooth sound system,1
Prima body soap,1
Harmam/Kardon Bluetooth sound system,1
Forever Living Products conditioner,1
Organic  body soap,1
Klar body soap,1
Philip refrigerator,1
Siemens  oven,1
itp conditioner,1
Elektrolux oven,1
Paid parking on premises \u2013 100 spaces,1
Fast wifi \u2013 585 Mbps,1
Helst ikke bruke  refrigerator,1
Beko oven,1
Housekeeping available 8 hours a day,1
Conditioner conditioner,1
Shwarzkopf,1
Shared pool - available seasonally,1
100 inch TV with Apple TV,1
integrert refrigerator,1
Boch double oven,1
Falcon induction stove,1
30 inch TV with Apple TV,1
IKEA  single oven,1
49 inch HDTV with Netflix,1
Google Nest Bluetooth sound system,1
63 inch HDTV with Chromecast,1
Fast wifi \u2013 283 Mbps,1
Fast wifi \u2013 304 Mbps,1
Bowers And Wilkins 602s floor standing speakers sound system,1
Define  and other Orkla products body soap,1
Samsung single oven,1
Fructis shampoo,1
Variabelt body soap,1
Aussie Aussome volume shampoo,1
ELECTROLUX refrigerator,1
Harman / Kardon Onyx Bluetooth sound system,1
JanThomas shampoo,1
Herman. Speaker below TV can be connected to bluetooth.  Bluetooth sound system,1
MIELE single oven,1
Paid parking garage on premises \u2013 10 spaces,1
Scan  refrigerator,1
Aussie shampoo,1
34 inch TV with Chromecast,1
IKEA stove,1
Farris Spa Hotel shampoo,1
45 inch TV with Chromecast,1
Private BBQ grill: wood-burning,1
Sonos lydplanke Bluetooth sound system,1
Forever Living Products shampoo,1
Boch single oven,1
Hvitt til h\u00f8yre refrigerator,1
Sonos Arc sound system,1
35 inch TV with Chromecast,1
Define body soap,1
Head and shoulders + Elseve shampoo,1
Google + Samsung Bluetooth sound system,1
Senz refrigerator,1
Phillips Bluetooth sound system,1
Fast wifi \u2013 582 Mbps,1
Bio body soap,1
Samsung Chef collection stainless steel oven,1
Sjampo og balsam  conditioner,1
AESOP body soap,1
Paid parking on premises \u2013 1 space,1
Full size stove with thermometer. stainless steel oven,1
KEF LSX Wireless Bluetooth sound system,1
Head and Shoulder  shampoo,1
Sonos multiroom sound system,1
Random shampoo,1
Head and shoulders conditioner,1
Geneva Bluetooth sound system,1
Family body soap,1
Fast wifi \u2013 229 Mbps,1
Fast wifi \u2013 402 Mbps,1
JBL sound system with Bluetooth and aux,1
HK Onyx Bluetooth sound system,1
Google Home Wi-Fi Bluetooth sound system,1
Smeg stainless steel induction stove,1
46 inch TV with Apple TV,1
28 inch HDTV with standard cable,1
Fast wifi \u2013 565 Mbps,1
Head & shoulders body soap,1
Basis  shampoo,1
Geneva Sound Bluetooth sound system,1
Paris body soap,1
JanThomas conditioner,1
DENON sound system with Bluetooth and aux,1
Sense of The Well shampoo,1
I offer guests a brand new handmade French soap,1
42 inch TV with Apple TV,1
Bosh oven,1
Densen,1
Ukjent conditioner,1
LA\\VIE body soap,1
57 inch HDTV,1
Dr. greve body soap,1
21 inch HDTV,1
Game console: Nintendo Wii U and PS3,1
Fast wifi \u2013 398 Mbps,1
Marrantz Bluetooth sound system,1
Huawei Bluetooth sound system,1
Gram refrigerator,1
Fast wifi \u2013 592 Mbps,1
AudioPro Bluetooth sound system,1
Fast wifi \u2013 270 Mbps,1
Harman Kardon Onyx 8 Bluetooth sound system,1
Fast wifi \u2013 477 Mbps,1
Sonos Surround in multiple rooms Bluetooth sound system,1
Nivea  shampoo,1
Fast wifi \u2013 247 Mbps,1
28 inch HDTV with HBO Max,1
HK Onyx sound system,1
Siemens  stainless steel double oven,1
Elvital body soap,1
Vanlig dusjs\u00e5pe shampoo,1
Elekrolux stainless steel single oven,1
Fast wifi \u2013 547 Mbps,1
Fast wifi \u2013 474 Mbps,1
58 inch HDTV with Disney+,1
Fast wifi \u2013 847 Mbps,1
Argon Octave Bluetooth sound system,1
Sonos + Samsung Bluetooth sound system,1
Samsung soundbar 810B Aiplay Bluetooth sound system,1
Fast wifi \u2013 290 Mbps,1
Paid parking on premises \u2013 10 spaces,1
Rituals  shampoo,1
Fast wifi \u2013 400 Mbps,1
73 inch HDTV with Apple TV,1
Fast wifi \u2013 451 Mbps,1
Fast wifi \u2013 182 Mbps,1
Palmolive  conditioner,1
Philip oven,1
Housekeeping available 2 days a week - included with your stay,1
Harman kardon  Bluetooth sound system,1
Fast wifi \u2013 530 Mbps,1
Soundcraft sound system with aux,1
BOSCH stainless steel induction stove,1
Fast wifi \u2013 453 Mbps,1
Beosound shape Bluetooth sound system,1
Fast wifi \u2013 314 Mbps,1
Bosch  induction stove,1
Head & Shouders conditioner,1
Fast wifi \u2013 407 Mbps,1
Dali og Yamaha 5.1 Bluetooth sound system,1
Simens stainless steel double oven,1
Marshall Stanmore Bluetooth sound system,1
Marshall Action II Bluetooth sound system,1
Fast wifi \u2013 136 Mbps,1
Kef Bluetooth sound system,1
Merkevare body soap,1
Le Labo conditioner,1
Klar Sjampo og balsam  shampoo,1
46 inch HDTV with Disney+,1
Dynaudio and Dual High End stereo sound system with Bluetooth and aux,1
Fast wifi \u2013 744 Mbps,1
Elvitarl Balsam conditioner,1
Det vil v\u00e6re noen ledige hyller til gjesters disposisjon.  refrigerator,1
via wifi sound system,1
Wifi \u2013 14 Mbps,1
Fast wifi \u2013 169 Mbps,1
Wednesday - included with your stay,1
i tillegg til Google nest mini p\u00e5 stua og p\u00e5 badet. Bluetooth sound system,1
36 inch TV with HBO Max,1
Sjampo  body soap,1
Sanex body soap,1
Fast wifi \u2013 743 Mbps,1
SMEG kj\u00f8l & frys refrigerator,1
Norsk s\u00e5pe body soap,1
in addition to liquid hand soap. body soap,1
Laser tag,1
Bliss shampoo,1
Exibel  sound system with Bluetooth and aux,1
Joico shampoo,1
Zanussi  refrigerator,1
Scholtes refrigerator,1
Bang & Olfusen Beosound A9 Bluetooth sound system,1
Variabelt conditioner,1
AUSSIE conditioner,1
46 inch TV with standard cable,1
IKEA KULINARISK single oven,1
Shared BBQ grill: electric,1
knust is og isbiter refrigerator,1
N\u00edvea or similar body soap,1
Annet stove,1
Lux conditioner,1
Sonos - koble til WiFi og bruk AirPlay sound system,1
Husquarne  stainless steel single oven,1
Fast wifi \u2013 232 Mbps,1
Siemens kombi refrigerator,1
Fast wifi \u2013 224 Mbps,1
De Dietrich electric stove,1
Electrolux  stainless steel single oven,1
Fast wifi \u2013 124 Mbps,1
Geneva S Bluetooth sound system,1
Wihrpool refrigerator,1
Induksjon induction stove,1
Tv sound system,1
Big samsung refrigerator with freezer refrigerator,1
Organic and professional  shampoo,1
Elecrocrolux oven,1
Vanlig refrigerator,1
67 inch HDTV with Netflix,1
Fast wifi \u2013 610 Mbps,1
Fast wifi \u2013 161 Mbps,1
49 inch TV with Amazon Prime Video,1
Sonos og samsung Bluetooth sound system,1
77 inch HDTV with premium cable,1
Private outdoor pool - open specific hours,1
Fast wifi \u2013 140 Mbps,1
Kun bruk mat som er kj\u00f8pt av dere refrigerator,1
43 inch HDTV with premium cable,1
? stainless steel single oven,1
150 inch HDTV with Netflix,1
Fast wifi \u2013 617 Mbps,1
Neff single oven,1
Gorenje stainless steel single oven,1
Aesop s\u00e5pe til dusj og h\u00e5ndvask  body soap,1
Fast wifi \u2013 318 Mbps,1
40 inch HDTV with premium cable,1
Fast wifi \u2013 487 Mbps,1
Fast wifi \u2013 442 Mbps,1
52 inch HDTV with HBO Max,1
Bauknecht refrigerator,1
AEG gas stove,1
itp shampoo,1
Ninja Air fryer oven,1
NAD sound system with Bluetooth and aux,1
Nad Bluetooth sound system,1
85 inch HDTV with standard cable,1
Kerastase conditioner,1
Gasstopp stainless steel oven,1
Google home sound system,1
Asan intims\u00e5pe. body soap,1
Maria \u00c5kerberg shampoo,1
45 inch HDTV with Chromecast,1
L'occitane or Palmolive body soap,1
Occitan body soap,1
Wifi \u2013 42 Mbps,1
UPO stainless steel single oven,1
BEO Bluetooth sound system,1
Boose h\u00f8ytaler Bluetooth sound system,1
43 inch HDTV with Disney+,1
Ikea induction stove,1
49 inch HDTV with HBO Max,1
Fast wifi \u2013 428 Mbps,1
Fast wifi \u2013 532 Mbps,1
Siemens stainless steel double oven,1
Fast wifi \u2013 553 Mbps,1
Zanussi electric stove,1
50 inch TV with Netflix,1
Paid parking garage on premises \u2013 5 spaces,1
Fast wifi \u2013 691 Mbps,1
1 p\u00e5 bad & 1 p\u00e5 soverom.  Bluetooth sound system,1
Paid parking lot on premises \u2013 22 spaces,1
Fast wifi \u2013 425 Mbps,1
Bang Olufsen  Bluetooth sound system,1
130 inch HDTV with Amazon Prime Video,1
SunSilk conditioner,1
IKEA stainless steel single oven,1
Various brands  shampoo,1
ingen stekeovn induction stove,1
Housekeeping available 2 hours a day,1
Fast wifi \u2013 475 Mbps,1
Sensetiv Skin shampoo,1
Housekeeping available 24 hours - included with your stay,1
44 inch HDTV,1
se foto oven,1
GE electric stove,1
Flere typer :) shampoo,1
Fast wifi \u2013 215 Mbps,1
Bare kokeplate,1
Spa access,1
Ukjent merkevare body soap,1
Aragon Alto  Bluetooth sound system,1
Eletrolux refrigerator,1
Define or similar  shampoo,1
Fast wifi \u2013 177 Mbps,1
LG Think refrigerator,1
42 inch TV with standard cable,1
Game console: PS3 and Xbox 360,1
Free parking garage on premises \u2013 3 spaces,1
80 inch HDTV,1
Game console: PS2 and Xbox 360,1
Differs body soap,1
Fast wifi \u2013 170 Mbps,1
Fast wifi \u2013 560 Mbps,1
Fast wifi \u2013 376 Mbps,1
Lux shampoo,1
Aeg double oven,1
Borsch single oven,1
70 inch TV with Apple TV,1
Pyrolyse ovn og keramisk topp,1
Samson refrigerator,1
75 inch HDTV with Fire TV,1
conditioner and shower gel available for guests body soap,1
Fast wifi \u2013 321 Mbps,1
Kj\u00f8leskuffer refrigerator,1
Sony X99 sound system with Bluetooth and aux,1
58 inch HDTV with Amazon Prime Video,1
Grundig electric stove,1
21 inch TV with Chromecast,1
Wifi \u2013 32 Mbps,1
Fast wifi \u2013 575 Mbps,1
65 inch HDTV with Hulu,1
Fast wifi \u2013 384 Mbps,1
45 inch HDTV with Disney+,1
Fast wifi \u2013 288 Mbps,1
Kombiskap refrigerator,1
Shared indoor pool - open specific hours,1
47 inch TV with Chromecast,1
Miele  oven,1
Forskjellige produkter conditioner,1
Fast wifi \u2013 549 Mbps,1
Fast wifi \u2013 463 Mbps,1
Sonos over wifi  sound system,1
Redken shampo. Shower cream and cleansers for face and body body soap,1
Vanlig dusjs\u00e5pe  body soap,1
Diverse  body soap,1
Samsung sound system with Bluetooth and aux,1
3 in 1 body soap,1
Bluesound og Bowers & Wilkins sound system with Bluetooth and aux,1
Zanussi stainless steel electric stove,1
Fast wifi \u2013 580 Mbps,1
Kombiskap med isbiter  refrigerator,1
Med frys refrigerator,1
Bang & Olufsen sound system with Bluetooth and aux,1
Gorenje stainless steel oven,1
Fast wifi \u2013 255 Mbps,1
TV med internett og tilgang til YouTube og Spotify sound system,1
Whirlpool stainless steel single oven,1
Med isbitmaskin  refrigerator,1
Boom-X Bluetooth sound system,1
Ikea  oven,1
46 inch HDTV with Amazon Prime Video,1
Samsung  stainless steel double oven,1
Oribe Haircare body soap,1
Housekeeping available 3 days a week - available at extra cost,1
Wella shampoo,1
Bosch  stainless steel single oven,1
Gorenje  oven,1
Dove body wash body soap,1
Private matvarer i egen hylle refrigerator,1
Game console: Nintendo Wii U and PS5,1
Wifi \u2013 5 Mbps,1
Bang Olufsen Beosound A9 mk4 sound system with Bluetooth and aux,1
Dove Caring Bath body soap,1
Ukjent shampoo,1
Other stainless steel gas stove,1
Kj\u00f8leskap og fryser refrigerator,1
Paid parking lot on premises \u2013 5 spaces,1
75 inch TV with Apple TV,1
Fast wifi \u2013 598 Mbps,1
Housekeeping available from 8:00 AM to 11:00 PM,1
98 inch HDTV with Apple TV,1
Premium  body soap,1
Fast wifi \u2013 240 Mbps,1
Harman Kardon Onyx 5 (2 pcs). sound system with Bluetooth and aux,1
Fast wifi \u2013 210 Mbps,1
Korres conditioner,1
55 inch TV with DVD player,1
Sonos wireless music system sound system,1
Soap conditioner,1
Aeg oven,1
Vichy shampoo,1
50 inch TV with premium cable,1
Ikea - Huttra refrigerator,1
Fast wifi \u2013 88 Mbps,1
Love,1
Paid pack \u2019n play/travel crib - always at the listing,1
Ninja Foodi Multifunction oven stainless steel oven,1
IKEA electric stove,1
LG  sound system with Bluetooth and aux,1
150 inch HDTV with Apple TV,1
Fast wifi \u2013 738 Mbps,1
Wifi \u2013 8 Mbps,1
Professional and organic  conditioner,1
SAMSUNG refrigerator,1
RITUALS body soap,1
Logik  refrigerator,1
BORA stainless steel induction stove,1
Fast wifi \u2013 231 Mbps,1
Wifi \u2013 18 Mbps,1
Geronje refrigerator,1
UPO electric stove,1
Fast wifi \u2013 708 Mbps,1
42 inch TV with DVD player,1
Fast wifi \u2013 523 Mbps,1
model KI21RAF30 refrigerator,1
JBL bar 5.1 Bluetooth sound system,1
Wednesday - available at extra cost,1
72 inch HDTV,1
Body shop body soap,1
Hk onyx studio 3 Bluetooth sound system,1
Miele  refrigerator,1
IKEA double oven,1
\u00c4nglamark (organic) body soap,1
SONY sound system with aux,1
Body Shop body soap,1
Fast wifi \u2013 455 Mbps,1
Fast wifi \u2013 330 Mbps,1
Yamaha sound system with aux,1
Fast wifi \u2013 328 Mbps,1
Fast wifi \u2013 484 Mbps,1
Fast wifi \u2013 129 Mbps,1
Reflektor-ovn for hurtig oppvarming,1
Sonos inn all rooms Bluetooth sound system,1
Radionette sound system,1
Cambridge audio sound system with aux,1
TGI Bed Head conditioner,1
utenom toalettet og gangen.  Bluetooth sound system,1
Norcool - drawers refrigerator,1
Free driveway parking on premises \u2013 4 spaces,1
Private indoor pool - available seasonally,1
Samsung  single oven,1
og last ned Sonos app p\u00e5 mobilen.  sound system,1
which bring the best results for your skin. L: a The use guarantees that your beauty routine will be a real pleasure. shampoo,1
Paid parking garage on premises \u2013 61 spaces,1
Fast wifi \u2013 191 Mbps,1
Neutral for sensitive skin body soap,1
Intims\u00e5pe body soap,1
Housekeeping available 24 hours - available at extra cost,1
Audio Pro Bluetooth sound system,1
Norcool skuff refrigerator,1
Google Bluetooth sound system,1
Sonos etc sound system with Bluetooth and aux,1
Stort kj\u00f8leskap refrigerator,1
Phillips sound system with aux,1
46 inch HDTV with premium cable,1
Fast wifi \u2013 462 Mbps,1
43 inch TV with Apple TV,1
Wifi \u2013 13 Mbps,1
Palmolive shampoo,1
Elektrolux LKR66040NW stainless steel single oven,1
Portable h\u00f8ytallere sound system with Bluetooth and aux,1
WONDERBOOM 2 Bluetooth sound system,1
Lux body soap,1
Samsung side by side french door refrigerator,1
Sonos h\u00f8yttalere  sound system,1
52 inch HDTV with Netflix,1
Dr Greves body soap,1
Fast wifi \u2013 427 Mbps,1
Devialet Bluetooth sound system,1
Ritual shampoo,1
SYMFONISK Bluetooth sound system,1
Sonos (Wi-Fi) sound system,1
Simens oven,1
Fast wifi \u2013 76 Mbps,1
Misc body soap,1
Pioneer sound system,1
Airplay (sonos) sound system,1
Jan Thomas Studio/Sommerro body soap,1
Fast wifi \u2013 220 Mbps,1
Epoc refrigerator,1
Generic shower gel. body soap,1
Generic shampoo. shampoo,1
75 inch HDTV with standard cable,1
Free Gemology Cosmetics travel sizes conditioner,1
Housekeeping available from 12:00 PM to 3:00 PM - included with your stay,1
Harman kardon sound system,1
Fast wifi \u2013 566 Mbps,1
Fast wifi \u2013 394 Mbps,1
Harman Kardon Aura Bluetooth sound system,1
Fast wifi \u2013 430 Mbps,1
Exercise equipment: workout bench,1
MONDAY shampoo,1
Children\u2019s books and toys for ages 2-5 years old and 10+ years old,1
SMEG single oven,1
Palm Olive body soap,1
Varmluftskomfyr,1
Private outdoor pool - heated,1
Fast wifi \u2013 846 Mbps,1
Fast wifi \u2013 390 Mbps,1
Aeg induction stove,1
Fast wifi \u2013 667 Mbps,1
Fast wifi \u2013 351 Mbps,1
Define or similar  conditioner,1
40 inch TV with standard cable,1
70 inch HDTV with HBO Max,1
LG. refrigerator,1
40 inch TV with Disney+,1
Fast wifi \u2013 380 Mbps,1
Klar conditioner,1
Sense of The Well conditioner,1
Miele double oven,1
75 inch TV with HBO Max,1
Free driveway parking on premises \u2013 8 spaces,1
49 inch HDTV with Chromecast,1
AUSSIE shampoo,1
Sonos sound system with aux,1
42 inch HDTV with Amazon Prime Video,1
Dr.Greve body soap,1
Bang Olufsen sound system with Bluetooth and aux,1
Fast wifi \u2013 460 Mbps,1
L\u2019Or\u00e9al Professional shampoo,1
77 inch HDTV with Apple TV,1
JBL boombox Bluetooth sound system,1
Jan Thomas Studio/Sommero conditioner,1
IKEA  oven,1
NEFF stainless steel oven,1
JBL 5.1 Bluetooth sound system,1
Lg refrigerator,1
Allergen free body soap,1
Fast wifi \u2013 196 Mbps,1
Miele stainless steel double oven,1
Elektrolux single oven,1
Ulike typer conditioner,1
Gram induction stove,1
Dove  body soap,1
Ukjent refrigerator,1
Minuett radio with bluetooth connection sound system with Bluetooth and aux,1
60 inch TV with Disney+,1
Sonos og Sony sound system with Bluetooth and aux,1
Fast wifi \u2013 312 Mbps,1
Sonons lydplanke  Bluetooth sound system,1
Differs shampoo,1
Sonos (tv,1
Ikea Finsmakare oven,1
Basis s\u00e5pe,1
88 inch HDTV with Chromecast,1
Soap body soap,1
Radio med Bluetooth Bluetooth sound system,1
Fast wifi \u2013 186 Mbps,1
Paid parking lot on premises \u2013 4 spaces,1
Grundig single oven,1
Fast wifi \u2013 187 Mbps,1
Sony Mini Speaker Bluetooth sound system,1
Aussi Miracle Moist conditioner,1
Organiske body soap,1
Fast wifi \u2013 524 Mbps,1
Philips refrigerator,1
33 inch HDTV with Chromecast,1
Fast wifi \u2013 796 Mbps,1
Miele  stainless steel single oven,1
100 inch HDTV with Disney+,1
Technics  sound system with aux,1
Samsung kombiskap,1
IKEA x Sonos Bluetooth sound system,1
Define Morrocoan Oil conditioner,1
The Body Shop  body soap,1
Gorenje  electric stove,1
Sonos p\u00e5 stue og bad sound system,1
Bose Lifestyle sound system with aux,1
Simiens refrigerator,1
Shared indoor pool - available seasonally,1
Wifi \u2013 40 Mbps,1
Fast wifi \u2013 110 Mbps,1
Continu conditioner,1
Basis shampoo,1
induksjonsplater stainless steel induction stove,1
L\u2019Occitane shampoo,1
Game console: Nintendo Wii and PS2,1
Game console: PS3 and PS5,1
og en liten b\u00e6rbar Bose for hagen Bluetooth sound system,1
Housekeeping available from 10:00 AM to 6:00 PM,1
Fast wifi \u2013 147 Mbps,1
Boose sound system with Bluetooth and aux,1
Shale Bluetooth sound system,1
IKEA  electric stove,1
Bowers & Wilkins Bluetooth sound system,1
LG Inverter Linear refrigerator,1
Various brands  conditioner,1
Sonos one gen 2 - x2 stk  Bluetooth sound system,1
Sonos - AirPlay  sound system,1
shampoo og balsam body soap,1
Shower soap body soap,1
Frama conditioner,1
Norcool refrigerator,1
We change between: Rituals,1
Bang&Olufsen lydplanke Bluetooth sound system,1
Different  shampoo,1
Kropps\u00e5pe,1
Gram oven,1
L\u00b4Occitane body soap,1
Sensetive Skin body soap,1
Fast wifi \u2013 346 Mbps,1
Fast wifi \u2013 651 Mbps,1
65 inch TV with Amazon Prime Video,1
Fast wifi \u2013 616 Mbps,1
DIVERSE shampoo,1
SA sound system,1
Smeg single oven,1
52 inch TV with Chromecast,1
GE refrigerator,1
Bluesound and Bang Olufsen Bluetooth sound system,1
Hardon sound system with Bluetooth and aux,1
KRK Rokit 5 inch sound system with aux,1
Fishe Paykel refrigerator,1
DIVERSE body soap,1
Fast wifi \u2013 645 Mbps,1
Sonos GO SL Bluetooth sound system,1
Housekeeping available from 2:00 PM to 8:00 PM,1
Fast wifi \u2013 311 Mbps,1
38 inch HDTV with DVD player,1
Palmolive  shampoo,1
Fast wifi \u2013 464 Mbps,1
Zanussi stainless steel oven,1
Head and shoulders  conditioner,1
Housekeeping available from 4:00 PM to 6:00 PM,1
Ikea electric stove,1
Fast wifi \u2013 181 Mbps,1
Free driveway parking on premises \u2013 40 spaces,1
Murad body soap,1
Hair&shulders shampoo,1
Annat induction stove,1
Without perfume body soap,1
Fast wifi \u2013 126 Mbps,1
Fast wifi \u2013 503 Mbps,1
Fast wifi \u2013 772 Mbps,1
La Florentina body soap,1
Head & shoulders shampoo,1
Fast wifi \u2013 834 Mbps,1
Fast wifi \u2013 200 Mbps,1
Wifi \u2013 15 Mbps,1
Argon forte Bluetooth sound system,1
24 inch TV,1
Denon HEOS sound system,1
Samsung stainless steel double oven,1
Beolit Bluetooth sound system,1
Fast wifi \u2013 802 Mbps,1
Fast wifi \u2013 500 Mbps,1
70 inch HDTV with Amazon Prime Video,1
48 inch HDTV with premium cable,1
Bose soundbar 500 + Bose Home Speaker 500 Bluetooth sound system,1
16 inch TV with Netflix,1
Gorenje stove,1
Elvital Shampoo og Balsam body soap,1
Squeezebox sound system,1
Philips  refrigerator,1
HEOS Bluetooth sound system,1
beauty and planet body soap,1
UE boom  Bluetooth sound system,1
2 x KRK monitors  with aux cable  sound system with aux,1
Philips Fidelio B5 Bluetooth sound system,1
Fast wifi \u2013 227 Mbps,1
Fast wifi \u2013 309 Mbps,1
Body Shop balsam conditioner,1
Apple homepods Bluetooth sound system,1
balsam og conditionair body soap,1
First Price  body soap,1
Gaggenau single oven,1
Samsung stove,1
37 inch HDTV with Apple TV,1
Harman Cardon Bluetooth sound system,1
Ikea stove,1
Audioengine  Bluetooth sound system,1
Forskjellige produkter shampoo,1
Free driveway parking on premises \u2013 10 spaces,1
Standard shampoo,1
Sonos (navn: Kj\u00f8kken).  Bluetooth sound system,1
 Sense of The Well body soap,1
Samsung Soundbar sound system with Bluetooth and aux,1
Farris Spa Hotel conditioner,1
Assortert  body soap,1
Bang & Olufsen BANG & OLUFSEN BEOSOUND A1 2ND GEN Wireless speaker with battery BOA1G2BK Bluetooth sound system,1
L'Or\u00e9al Elvital shampoo,1
Bang og Olufsen sound system,1
Molton Brown body soap,1
SMEG double oven,1
Aussie - miracle moist shampoo,1
Fast wifi \u2013 735 Mbps,1
Radio og Bluetooth  Bluetooth sound system,1
Fast wifi \u2013 260 Mbps,1
Fast wifi \u2013 261 Mbps,1
Enkel DAB-radio/h\u00f8ytaler m/bluetooth Bluetooth sound system,1
Brand new oven with many functions stainless steel oven,1
Harmon Karbon Bluetooth sound system,1
Sunsilk and other Orkla products conditioner,1
Google og Dynaudio sound system,1
43 inch HDTV with standard cable,1
Fast wifi \u2013 350 Mbps,1
Sonos anlegg Bluetooth sound system,1
Aussi Miracle Moist shampoo,1
\u00c4nglamark  shampoo,1
KEF Lsx Bluetooth sound system,1
28 inch HDTV with Apple TV,1
Sonos i alle rom,1
SA Saxo Active Bluetooth sound system,1
Fast wifi \u2013 303 Mbps,1
Dobbeldouch shampoo,1
Basis conditioner,1
32 inch TV with standard cable,1
82 inch HDTV with Amazon Prime Video,1
Fast wifi \u2013 414 Mbps,1
NAD amplifier + Dali speakers + record player Bluetooth sound system,1
Ingen spesiell  shampoo,1
Dove eller Lano body soap,1
Dobbel Dusch shampoo,1
62 inch HDTV with Apple TV,1
Grundig  single oven,1
Fast wifi \u2013 258 Mbps,1
DIVERSE conditioner,1
Geneva sound system with aux,1
Candy refrigerator,1
Miele full size. refrigerator,1
MIELE refrigerator,1
Asko stainless steel oven,1
Fast wifi \u2013 401 Mbps,1
Fast wifi \u2013 698 Mbps,1
Garnier body soap,1
Wifi \u2013 35 Mbps,1
Fast wifi \u2013 729 Mbps,1
JBL Xtreme 2 sound system with Bluetooth and aux,1
Free Gemology Cosmetics travel sizes shampoo,1
Rimlig alternativ  shampoo,1
Husqarna stainless steel oven,1
Samasung refrigerator,1
14 inch HDTV with HBO Max,1
Asan shampoo,1
Brand new refrigerator with small freezer refrigerator,1
itp body soap,1
Fast wifi \u2013 243 Mbps,1
Onyx Studio Bluetooth sound system,1
ILVE- gass stainless steel stove,1
Sonos WIFI  sound system,1
Alt kan spises og drikkes fra kj\u00f8leskapet (Untatt alkohol) og fra frysren. refrigerator,1
N/A body soap,1
Simens induction stove,1
SIEMENS  double oven,1
15 inch TV with Chromecast,1
Vi har satt frem shampo og balsam som kan benyttes  body soap,1
Fast wifi \u2013 308 Mbps,1
36 inch HDTV with Netflix,1
Frama body soap,1
85 inch TV with HBO Max,1
Beko refrigerator,1
Dr.greve  body soap,1
Palmolive kropps\u00e5pe body soap,1
Housekeeping available from 11:30 AM to 2:00 PM,1
Fast wifi \u2013 815 Mbps,1
26 inch TV with Chromecast,1
Fast wifi \u2013 145 Mbps,1
Fast wifi \u2013 693 Mbps,1
Boch refrigerator,1
Bertazzoni stainless steel gas stove,1
One-way airport transfer - included with your stay,1
Fast wifi \u2013 658 Mbps,1
Jan Thomas Studio/Sommerro shampoo,1
Fast wifi \u2013 61 Mbps,1
Fast wifi \u2013 557 Mbps,1
Fast wifi \u2013 256 Mbps,1
Lano parfymeri body soap,1
Asan  body soap,1
Adam sound system with aux,1
Fast wifi \u2013 518 Mbps,1
36 inch HDTV with Chromecast,1
Nikola Tesla induction stove,1
B&W sound system,1
Redken  conditioner,1
The vegan bear body soap,1
Halvstort kj\u00f8leskap med liten fryser refrigerator,1
Organisk shampoo,1
Elseve conditioner,1
Fast wifi \u2013 225 Mbps,1
IKEA Bluetooth sound system,1
47 inch HDTV with Apple TV,1
Sonos Ikea sound system,1
Fast wifi \u2013 317 Mbps,1
Fast wifi \u2013 383 Mbps,1
Lemus,1
45 inch TV with standard cable,1
40 inch TV with Apple TV,1
Fast wifi \u2013 454 Mbps,1
48 inch TV with Disney+,1
id,-5627568331937475637
